Designator,Val,Package,Mid X,Mid Y,Rotation,Layer
"C1","2.2uF 400V","CP_Elec_6.3x9.9",102.500000,-105.500000,-90.000000,top
"C2","3.9uF 400V","CP_Elec_8x10",121.500000,-106.500000,-90.000000,top
"C3","100nF X7R","C_0603_1608Metric",132.500000,-106.500000,-90.000000,top
"C4","22uF","C_0805_2012Metric",137.000000,-102.000000,-90.000000,top
"C5","22uF","C_1206_3216Metric",122.500000,-118.500000,90.000000,top
"C6","22uF","C_1206_3216Metric",122.500000,-123.500000,-90.000000,top
"C7","470uF 10V","CP_Elec_8x10",111.000000,-118.000000,180.000000,top
"C8","1uF","C_0402_1005Metric",141.000000,-110.000000,-90.000000,top
"C9","22uF","C_0805_2012Metric",148.400000,-112.912500,90.000000,top
"C10","100nF","C_0402_1005Metric",146.400000,-114.412500,90.000000,top
"C11","1uF","C_0402_1005Metric",141.400000,-114.212500,90.000000,top
"C12","100nF","C_0402_1005Metric",97.500000,-118.500000,90.000000,top
"C13","100nF","C_0402_1005Metric",95.000000,-122.000000,90.000000,top
"C14","100nF","C_0402_1005Metric",95.500000,-125.000000,-90.000000,top
"C15","100nF","C_0402_1005Metric",99.000000,-126.980000,180.000000,top
"C16","100nF","C_0402_1005Metric",105.020000,-121.500000,0.000000,top
"C17","10nF","C_0402_1005Metric",128.000000,-137.500000,180.000000,top
"C18","10nF","C_0402_1005Metric",136.500000,-136.000000,180.000000,top
"C19","100pF","C_0402_1005Metric",92.520000,-135.000000,0.000000,top
"D1","M7","D_SMA",95.000000,-106.500000,180.000000,top
"D2","ES1J","D_SMA",133.000000,-112.000000,0.000000,top
"D3","ES1J","D_SMA",142.500000,-104.000000,-90.000000,top
"D4","red","LED_0603_1608Metric",147.500000,-131.212500,-90.000000,top
"D5","1N4148W","D_SOD-123",123.500000,-135.000000,90.000000,top
"D6","1N4148W","D_SOD-123",123.500000,-144.000000,-90.000000,top
"D7","BAT54S","SOT-23",132.550000,-134.062500,-90.000000,top
"D8","BAT54S","SOT-23",139.000000,-134.062500,-90.000000,top
"D9","BAT54S","SOT-23",89.000000,-135.000000,0.000000,top
"F1","2A 250VAC 0443002.DR","FUSE-SMD_L10.1-W3.1",91.500000,-114.500000,0.000000,top
"J1","L_IN","SolderWire-0.75sqmm_1x01_D1.25mm_OD2.3mm",84.000000,-118.500000,0.000000,top
"J2","N_IN","SolderWire-0.75sqmm_1x01_D1.25mm_OD2.3mm",84.000000,-105.000000,0.000000,top
"J3","S_UP","SolderWire-0.75sqmm_1x01_D1.25mm_OD2.3mm",132.500000,-149.000000,0.000000,top
"J4","S_DN","SolderWire-0.75sqmm_1x01_D1.25mm_OD2.3mm",139.000000,-149.000000,0.000000,top
"J5","M_UP","SolderWire-0.75sqmm_1x01_D1.25mm_OD2.3mm",85.000000,-148.500000,0.000000,top
"J6","M_DN","SolderWire-0.75sqmm_1x01_D1.25mm_OD2.3mm",93.000000,-148.500000,0.000000,top
"K1","HF46F-G/5-HS1","Relay_SPST_Omron_G5NB",120.000000,-135.782500,180.000000,top
"K2","G5Q-14 DC5","Relay_SPDT_Omron-G5Q-1",119.375000,-141.200000,180.000000,top
"L1","1mH","L_Taiyo-Yuden_NR-50xx",109.800000,-105.500000,0.000000,top
"L2","680uH","IND-TH_BD9.5-P5.20-D0.6",129.500000,-119.100000,-90.000000,top
"Q1","AO3400A","SOT-23",123.437500,-129.000000,180.000000,top
"Q2","AO3400A","SOT-23",124.062500,-150.550000,180.000000,top
"R1","10R 1W fusible","R_Axial_DIN0309_L9.0mm_D3.2mm_P2.54mm_Vertical",88.130000,-102.500000,0.000000,top
"R2","3.3k","R_0402_1005Metric",133.000000,-100.500000,180.000000,top
"R3","2.2k","R_0402_1005Metric",131.000000,-102.000000,0.000000,top
"R4","1.5k","R_0603_1608Metric",116.175000,-124.000000,0.000000,top
"R5","10k","R_0402_1005Metric",142.900000,-114.212500,-90.000000,top
"R6","10k","R_0402_1005Metric",135.500000,-125.500000,0.000000,top
"R7","1k","R_0603_1608Metric",145.500000,-131.212500,-90.000000,top
"R8","100k","R_0402_1005Metric",125.000000,-131.500000,-90.000000,top
"R9","100k","R_0402_1005Metric",127.500000,-151.500000,0.000000,top
"R10","10mR 1W","R_1206_3216Metric",103.000000,-118.500000,180.000000,top
"R11","1k","R_0402_1005Metric",99.510000,-118.500000,180.000000,top
"R12","1k","R_0402_1005Metric",93.500000,-122.000000,-90.000000,top
"R13","1M 1206","R_1206_3216Metric",86.000000,-125.000000,0.000000,top
"R14","1M 1206","R_1206_3216Metric",91.000000,-125.000000,0.000000,top
"R15","1k","R_0402_1005Metric",94.000000,-125.010000,-90.000000,top
"R16","100k 1206","R_1206_3216Metric",132.500000,-143.500000,90.000000,top
"R17","100k 1206","R_1206_3216Metric",132.500000,-138.500000,90.000000,top
"R18","100k 1206","R_1206_3216Metric",139.000000,-143.500000,90.000000,top
"R19","100k 1206","R_1206_3216Metric",139.000000,-138.462500,90.000000,top
"R20","1M","R_0402_1005Metric",128.000000,-136.500000,0.000000,top
"R21","1M","R_0402_1005Metric",143.000000,-137.000000,180.000000,top
"R22","1M 1206","R_1206_3216Metric",83.000000,-128.500000,-90.000000,top
"R23","1M 1206","R_1206_3216Metric",88.037500,-130.000000,0.000000,top
"R24","1M","R_0402_1005Metric",92.510000,-134.000000,0.000000,top
"R25","10k","R_0402_1005Metric",133.500000,-131.500000,0.000000,top
"R26","10k","R_0402_1005Metric",141.990000,-132.500000,0.000000,top
"R27","10k","R_0402_1005Metric",94.510000,-130.000000,0.000000,top
"RV1","S07K275","RES-TH_L9.0-W4.6-P5.00-D0.6-S1.60",86.500000,-109.500000,0.000000,top
"TP1","+5V/VBUS","TestPoint_Pad_D1.0mm",147.500000,-100.500000,180.000000,top
"TP2","GND","TestPoint_Pad_D1.0mm",148.000000,-107.500000,180.000000,top
"TP5","BOOT","TestPoint_Pad_D1.0mm",139.500000,-107.500000,180.000000,top
"TP12","IO14","TestPoint_Pad_D1.0mm",146.500000,-149.550000,180.000000,top
"TP13","IO22","TestPoint_Pad_D1.0mm",146.500000,-145.000000,180.000000,top
"U1","LNK3206D","PowerIntegrations_SO-8C",128.905000,-106.310000,-90.000000,top
"U2","AP2112K-3.3","SOT-23-5",144.000000,-109.912500,0.000000,top
"U3","ESP32-C6-MINI-1-N4","ESP32-C6-MINI-1",144.000000,-122.412500,-90.000000,top
"U4","HLW8110","SOIC-8_3.9x4.9mm_P1.27mm",100.025000,-123.405000,0.000000,top
