LCSC Part #,Manufacturer,Manufacturer Part Number,Quantity,Designator,Comment,Footprint
C187538,Littelfuse,0443002.DR,1,F1,"Littelfuse 0443002.DR, 2 A Slo-Blo",FUSE-SMD_L10.1-W3.1
C1527389,TDK,B72207S2271K101,1,RV1,TDK B72207S2271K101 (S07K275),RES-TH_L9.0-W4.6-P5.00-D0.6-S1.60
C145951,CCO(Chian Chia Elec),FR1WS-10Ω±5% T,1,R1,FR1WS 10 Ω fusible,R_Axial_DIN0309_L9.0mm_D3.2mm_P2.54mm_Vertical
C95872,MDD(Microdiode Semiconductor),M7,1,D1,M7,D_SMA
C48970947,Honor Elec,RYUD400V2.2UF6*10,1,C1,"2.2 µF, RYUD400V2.2UF6*10",CP_Elec_6.3x9.9
C33129636,FOLLON,EFVD400ADA3R9M08B0,1,C2,"3.9 µF, FOLLON EFVD400ADA3R9M08B0",CP_Elec_8x10
C5339706,XR,XRNR5040-1mH/M,1,L1,"1 mH, XRNR5040-1mH/M",L_Taiyo-Yuden_NR-50xx
C2987730,POWER INTEGRATIONS,LNK3206D-TL,1,U1,LNK3206D-TL,PowerIntegrations_SO-8C
C14663,YAGEO,CC0603KRX7R9BB104,1,C3,100 nF X7R,C_0603_1608Metric
C86560,MCC,ES1J-LTP,2,"D2,D3",ES1J-LTP,D_SMA
C2924238,PROD Tech,PDPTAT0810-681K,1,L2,"680 µH, PDPTAT0810-681K",IND-TH_BD9.5-P5.20-D0.6
C45783,Samsung Electro-Mechanics,CL21A226MAQNNNE,2,"C4,C9",22 µF X5R,C_0805_2012Metric
C25890,UNI-ROYAL,0402WGF3301TCE,1,R2,3.3 kΩ 1 %,R_0402_1005Metric
C25879,UNI-ROYAL,0402WGF2201TCE,1,R3,2.2 kΩ 1 %,R_0402_1005Metric
C12891,Samsung Electro-Mechanics,CL31A226KAHNNNE,2,"C5,C6",22 µF X5R,C_1206_3216Metric
C2693598,SAMYOUNG,BXJ10V470UF8*10,1,C7,"470 µF, BXJ10V470UF8*10",CP_Elec_8x10
C22843,UNI-ROYAL,0603WAF1501T5E,1,R4,1.5 kΩ 1 %,R_0603_1608Metric
C51118,DIODES,AP2112K-3.3TRG1,1,U2,AP2112K-3.3TRG1,SOT-23-5
C52923,Samsung Electro-Mechanics,CL05A105KA5NQNC,2,"C8,C11",1 µF X5R,C_0402_1005Metric
C1525,Samsung Electro-Mechanics,CL05B104KO5NNNC,6,"C10,C12,C13,C14,C15,C16",100 nF X7R,C_0402_1005Metric
C25744,UNI-ROYAL,0402WGF1002TCE,5,"R5,R6,R25,R26,R27",10 kΩ 1 %,R_0402_1005Metric
C2286,Hubei KENTO Elec,KT-0603R,1,D4,KT-0603R red,LED_0603_1608Metric
C21190,UNI-ROYAL,0603WAF1001T5E,1,R7,1 kΩ 1 %,R_0603_1608Metric
C165255,HONGFA,HF46F-G/5-HS1,1,K1,Hongfa HF46F-G/5-HS1,Relay_SPST_Omron_G5NB
C397241,OMRON,G5Q-14 DC5,1,K2,Omron G5Q-14 DC5,Relay_SPDT_Omron-G5Q-1
C20917,AOS,AO3400A,2,"Q1,Q2",AO3400A,SOT-23
C25741,UNI-ROYAL,0402WGF1003TCE,2,"R8,R9",100 kΩ 1 %,R_0402_1005Metric
C81598,ST(Semtech),1N4148W,2,"D5,D6",1N4148W,D_SOD-123
C105362,PSA,FMF06FTHR010-LH,1,R10,"10 mΩ 1 %, FMF06FTHR010-LH",R_1206_3216Metric
C970139,Hiliwei Tech,HLW8110,1,U4,HLW8110,SOIC-8_3.9x4.9mm_P1.27mm
C17927,UNI-ROYAL,1206W4F1004T5E,4,"R13,R14,R22,R23",1 MΩ 1 %,R_1206_3216Metric
C17900,UNI-ROYAL,1206W4F1003T5E,4,"R16,R17,R18,R19",100 kΩ 1 %,R_1206_3216Metric
C26083,UNI-ROYAL,0402WGF1004TCE,3,"R20,R21,R24",1 MΩ 1 %,R_0402_1005Metric
C15195,Samsung Electro-Mechanics,CL05B103KB5NNNC,2,"C17,C18",10 nF X7R,C_0402_1005Metric
C8592,JSCJ,BAT54S KL4,3,"D7,D8,D9",BAT54S,SOT-23
C1546,FH,0402CG101J500NT,1,C19,100 pF C0G,C_0402_1005Metric
